strategy,query_id,difficulty,query,gold_answer,Accuracy@1,Recall@5,Recall@10,MRR,Latency_s,generated_answer,retrieved_top_chunk,hyde_hypothetical
Sparse (BM25),Q01,easy,What is the module Advanced Machine Learning about?,"Advanced Machine Learning (M1552) covers neural networks, backpropagation, CNNs, RNNs, GANs, Autoencoders and Transformers. It is worth 6 CP, examined by a 90-minute written exam, and taught in English in the winter semester.",0,1,1,0.333,8.43,,"Core Qualification (66 CP in total) |  | The core qualification contains the compulsory modules (each 6 CP): |  |  | Module Manual M.Sc. ""Data Science"" |  | Advanced Machine Learning | Linear Models and Regression | Big Data | Information Geometry | Advanced Ethics of Machine Learning",N/A
Sparse (BM25),Q02,easy,How many credit points is the Advanced Machine Learning module worth?,6 credit points (CP).,0,1,1,0.25,3.88,,"Core Qualification (66 CP in total) |  | The core qualification contains the compulsory modules (each 6 CP): |  |  | Module Manual M.Sc. ""Data Science"" |  | Advanced Machine Learning | Linear Models and Regression | Big Data | Information Geometry | Advanced Ethics of Machine Learning",N/A
Sparse (BM25),Q03,easy,What are the recommended prerequisites for Advanced Machine Learning?,"Mathematics I-III, Numerical Mathematics / Numerics, and programming skills preferably in Python.",1,1,1,1.0,5.15,,Module M2001: Reinforcement Learning |  | Courses |  | Title |  | Reinforcement Learning (L3305) |  | Reinforcement Learning (L3306) |  | Module Responsible Dr. Manfred Eppe |  | Admission Requirements None |  | Recommended Previous |  | Knowledge |  | Lectures at TUHH: |  | Machine Learning I and II |  | Advanced Machine Learning |  | Programming Paradigms |  | Additional recommended knowledge and prerequisites: |  | Typ |  | Lecture |  | Project-/problem-based Learning |  | Hrs/wk |  | 2 |  | ,N/A
Sparse (BM25),Q04,easy,Who is responsible for the Advanced Machine Learning module at TUHH?,Dr. Jens-Peter Zemke.,0,1,1,0.5,5.23,,"Core Qualification (66 CP in total) |  | The core qualification contains the compulsory modules (each 6 CP): |  |  | Module Manual M.Sc. ""Data Science"" |  | Advanced Machine Learning | Linear Models and Regression | Big Data | Information Geometry | Advanced Ethics of Machine Learning",N/A
Sparse (BM25),Q05,easy,What type of examination does the Advanced Machine Learning module use?,"Written exam, 90 minutes.",0,1,1,0.2,4.92,,"Core Qualification (66 CP in total) |  | The core qualification contains the compulsory modules (each 6 CP): |  |  | Module Manual M.Sc. ""Data Science"" |  | Advanced Machine Learning | Linear Models and Regression | Big Data | Information Geometry | Advanced Ethics of Machine Learning",N/A
Sparse (BM25),Q06,medium,What topics are taught in the Advanced Machine Learning lecture?,Basics of neural nets; feedforward networks and backpropagation; CNNs; RNNs; adversarial attacks; residual networks; neural ODEs; autoencoders; GANs; attention and transformers.,0,1,1,0.5,5.09,,"Core Qualification (66 CP in total) |  | The core qualification contains the compulsory modules (each 6 CP): |  |  | Module Manual M.Sc. ""Data Science"" |  | Advanced Machine Learning | Linear Models and Regression | Big Data | Information Geometry | Advanced Ethics of Machine Learning",N/A
Sparse (BM25),Q07,easy,In which semester is the Advanced Machine Learning course offered?,Winter semester (WiSe).,0,0,0,0.0,5.24,,"The course content of semester 3 (year 2) depends on which partner institution is chosen. Based on their speciﬁc core competencies each partner oﬀers | courses which complement / deepen the  study program of the first year. |  | In semester 4 all students undertake a thesis project at the institution where they spent the 3rd semester. |  |  | Module Manual M.Sc. ""Global Technology and Innovation Management & | Entrepreneurship"" |  | Core Qualification",N/A
Sparse (BM25),Q08,medium,Is Advanced Machine Learning compulsory for Data Science students?,Yes — it is listed as Core Qualification: Compulsory in the Data Science curriculum.,1,1,1,1.0,5.52,,"Core Qualification (66 CP in total) |  | The core qualification contains the compulsory modules (each 6 CP): |  |  | Module Manual M.Sc. ""Data Science"" |  | Advanced Machine Learning | Linear Models and Regression | Big Data | Information Geometry | Advanced Ethics of Machine Learning",N/A
Sparse (BM25),Q09,medium,Which TUHH programs include Advanced Machine Learning in their curriculum?,"Computational Methods and Machine Learning in Engineering, Computer Science, Data Science, Interdisciplinary Mathematics, Mechatronics, Technomathematics I and II, and Theoretical Mechanical Engineering.",0,0,0,0.0,5.23,,"Following Curricula |  |  | Module Manual M.Sc. ""Data Science"" |  | Module M2073: Advanced Ethics of Machine Learning |  | Courses |  | Title |  | Advanced Ethics of Machine Learning (L3399) |  | Case Studies in Advanced Ethics of Machine Learning (L3400) |  | Module Responsible Prof. Maximilian Kiener |  | Admission Requirements None |  | Recommended Previous |  | Basics of machine learning |  | Knowledge |  | Typ |  | Lecture |  | Seminar |  | Hrs/wk |  | 2 |  | 2 |  | CP |  | 3 |  | 3",N/A
Sparse (BM25),Q10,medium,What is the workload for the Advanced Machine Learning module?,Total workload 124 hours: Independent Study Time 62 h + Study Time in Lecture 28 h for the course component.,0,0,0,0.0,4.94,,"Core Qualification (66 CP in total) |  | The core qualification contains the compulsory modules (each 6 CP): |  |  | Module Manual M.Sc. ""Data Science"" |  | Advanced Machine Learning | Linear Models and Regression | Big Data | Information Geometry | Advanced Ethics of Machine Learning",N/A
Sparse (BM25),Q11,medium,How many hours per week is the Advanced Machine Learning lecture?,2 hours/week lecture + 2 hours/week recitation (small group) = 4 hrs/wk total.,0,0,0,0.0,4.84,,"Core Qualification (66 CP in total) |  | The core qualification contains the compulsory modules (each 6 CP): |  |  | Module Manual M.Sc. ""Data Science"" |  | Advanced Machine Learning | Linear Models and Regression | Big Data | Information Geometry | Advanced Ethics of Machine Learning",N/A
Sparse (BM25),Q12,hard,What is the difference between Core Qualification and Elective modules in the Data Science program?,Core Qualification modules are compulsory for all program students. Elective modules are optional and allow specialisation in a sub-field.,1,1,1,1.0,4.69,,"Core Qualification (66 CP in total) |  | The core qualification contains the compulsory modules (each 6 CP): |  |  | Module Manual M.Sc. ""Data Science"" |  | Advanced Machine Learning | Linear Models and Regression | Big Data | Information Geometry | Advanced Ethics of Machine Learning",N/A
Sparse (BM25),Q13,hard,How many total credit points are needed to finish the Data Science master?,120 credit points — standard for a 4-semester German M.Sc.,0,0,0,0.0,5.08,,"Program structure |  | The curriculum of the master's program ""Materials Science and Engineering"" is structured as follows: |  | Core qualiﬁcation: 1.-3. Semester, a total of 66 credit points. In the core qualiﬁcation, the modules ""Non-technical supplementary courses in the Master"" | and ""Operation & Management"" are also anchored with six credit points each.",N/A
Sparse (BM25),Q14,medium,I love mathematics and programming. What should I study at TUHH?,Data Science or Computer Science would suit you well — both require strong mathematical foundations and programming (Python).,0,0,0,0.0,5.54,,"Basics  of  mechanics  as  taught,  e.g.,  in  the  modules  Engineering  Mechanics  I  and  Engineering  Mechanics  II  at  TUHH  (forces  and |  | Knowledge |  | moments, stress, linear strain, free-body principle, linear-elastic constitutive laws, strain energy); basics of mathematics as taught, |  | e.g., in the modules Mathematics I and Mathematics II at TUHH |  | Educational Objectives After taking part successfully, students have reached the following learning results |  | Professional Co",N/A
Sparse (BM25),Q15,easy,I am interested in deep learning and neural networks. Which module covers that?,"Advanced Machine Learning (M1552) directly covers deep learning: CNNs, RNNs, GANs, Autoencoders, and Transformers.",0,0,0,0.0,4.95,,"Typ Lecture |  | Hrs/wk 2 |  | CP 3 |  | Workload in Hours Independent Study Time 62, Study Time in Lecture 28 |  | Lecturer Dr. Lennart Bamberg |  | Language EN |  | Cycle WiSe |  | Content • Fundamentals of deep learning |  | • Applications of deep learning in edge/embedded devices |  | • Implementation and training of neural networks using a SOTA Python framework (e.g., Tensorflow) |  | • Deployment of SOTA neural networks on embedded devices",N/A
Sparse (BM25),Q16,medium,I want to understand Generative Adversarial Networks. What module should I take?,Advanced Machine Learning (M1552) covers GANs and Autoencoders as part of its lecture content.,0,0,0,0.0,5.04,,"Autoencoder Application - Constellation Shaping I |  | Recap channel capacity and constellation shaping, |  | Capacity achieving machine learning systems |  | Information theoretical explanation of the autoencoder training |  | Hands-on session |  | Autoencoder Application - Constellation Shaping II |  | Training without a channel model |  | Mutual information neural estimator |  | Hands-on session |  | Generative Adversarial Network Application - Channel Modelling |  | Recap realistic channels ",N/A
Sparse (BM25),Q17,hard,I want to work in AI research after my master. What should I focus on at TUHH?,"Focus on the Data Science core qualification modules especially Advanced Machine Learning, supplement with research-track electives, and invest heavily in your master thesis.",0,0,0,0.0,5.38,,"of  what  motivates  them,  of  the  way  they  invest,  and  of  what  support  they  can  provide  to  a  company  at  what  stage  in  the |  | fundraising cycle. The course addresses the following key questions: How much money can and should be raised? When should it |  | be raised and from whom? What is a reasonable valuation of the company? How should funding, employment contracts and exit |  | decisions be structured?",N/A
Sparse (BM25),Q18,medium,I enjoy working in teams and group projects. Are there modules with teamwork?,Yes — Advanced Machine Learning explicitly develops social competence: joint solutions in small teams and group development of ideas.,0,0,0,0.0,5.25,,"Basics  of  mechanics  as  taught,  e.g.,  in  the  modules  Engineering  Mechanics  I  and  Engineering  Mechanics  II  at  TUHH  (forces  and |  | Knowledge |  | moments, stress, linear strain, free-body principle, linear-elastic constitutive laws, strain energy); basics of mathematics as taught, |  | e.g., in the modules Mathematics I and Mathematics II at TUHH |  | Educational Objectives After taking part successfully, students have reached the following learning results |  | Professional Co",N/A
Sparse (BM25),Q19,hard,I come from a physics background. Can I apply for the Data Science program?,"Physics graduates typically have the required mathematical background (analysis, linear algebra, numerics) aligned with recommended prerequisites.",0,0,0,0.0,5.68,,"we  are  given  at  the  system level,  we  need  a  deeper  understanding  of  the  background,  processes  and mechanisms  of  power |  | dissipation  in  embedded  systems.  Where  does  the power  dissipation  come  from,  what  happens  at  the  hardware  level,  what |  | mechanisms can I use directly/indirectly, what is the tradeoﬀ between ﬂexibility and eﬃciency,.... are only a few questions, which |  | will be elaborated and discussed in this event. |  | Contents of teaching:",N/A
Sparse (BM25),Q20,medium,Which modules involve Python programming at TUHH?,Advanced Machine Learning explicitly recommends Python. Most Data Science core modules also use Python for implementations.,0,1,1,0.25,4.99,,Interdisciplinary considerations are essential to all subject areas. How can environmental pollution be reduced and valuable resources recovered at the | same time? How does one measure the sustainability of a product or service? Which innovative technologies assure minimum energy use in production | processes?  Which  environmental  law  constraints  favour  sustainable  development?  All  these  questions  are  relevant  in  the  Environmental  Engineering | program.,N/A
Sparse (BM25),Q21,easy,Is the Advanced Machine Learning course taught in English or German?,English (language code EN).,0,0,0,0.0,5.28,,"Lecturer Prof. Nihat Ay, Adwait Datar |  | Language EN |  | Cycle SoSe |  | Content See interlocking course |  | Literature See interlocking course |  |  | Module Manual M.Sc. ""Computer Science"" |  | Module M1552: Advanced Machine Learning |  | Courses |  | Title |  | Advanced Machine Learning (L2322) |  | Advanced Machine Learning (L2323) |  | Module Responsible Dr. Jens-Peter Zemke |  | Admission Requirements None |  | Recommended Previous |  | Knowledge |  | 1.  Mathematics I-III |  | 2.  Num",N/A
Sparse (BM25),Q22,easy,How long is the Master of Science Data Science program at TUHH?,4 semesters (2 years).,0,1,1,0.5,5.03,,Master of Science (M.Sc.) | Data Science |  | Cohort: Winter Term 2025 |  | Updated: 11th December 2025 |  |  |  | Table of Contents |  | Table of Contents | Program description | Core Qualification,N/A
Sparse (BM25),Q23,medium,What are the admission requirements for the Data Science master at TUHH?,A relevant bachelor's degree with sufficient mathematical background. Individual module admission requirements are listed as 'None'.,0,1,1,0.5,4.64,,"2.  Ice Load Determination and Ice Model Testing |  | Overview of different empirical equations for simple determination of ice loads |  | Discussion and interpretation of the different equations and results |  | Introduction to ice model tests |  | What are the requirements for ice model tests, what parameters have to be scaled |  | What can be simulated and how to use the results of such ice model tests |  | 3.  Computational Modelling of Ice-Structure Interaction Processes",N/A
Sparse (BM25),Q24,easy,What literature is recommended for the Advanced Machine Learning module?,Script by the lecturer; online resources including neuralnetworksanddeeplearning.com and deeplearningbook.org.,0,1,1,0.2,5.15,,Module M2001: Reinforcement Learning |  | Courses |  | Title |  | Reinforcement Learning (L3305) |  | Reinforcement Learning (L3306) |  | Module Responsible Dr. Manfred Eppe |  | Admission Requirements None |  | Recommended Previous |  | Knowledge |  | Lectures at TUHH: |  | Machine Learning I and II |  | Advanced Machine Learning |  | Programming Paradigms |  | Additional recommended knowledge and prerequisites: |  | Typ |  | Lecture |  | Project-/problem-based Learning |  | Hrs/wk |  | 2 |  | ,N/A
Sparse (BM25),Q25,hard,What is the difference between Data Science and Computer Science programs at TUHH?,Both share modules like Advanced Machine Learning. Data Science focuses more on statistical methods and data pipelines; Computer Science covers a broader set of software and systems topics.,1,1,1,1.0,5.27,,Examination duration and |  | 25 min |  | scale |  | Assignment for the |  | Computer Science: Specialisation III. Mathematics: Elective Compulsory |  | Following Curricula |  | Data Science: Specialisation I. Data Science & Mathematics: Elective Compulsory |  | Energy Systems: Core Qualification: Elective Compulsory |  | Computer Science in Engineering: Specialisation III. Mathematics: Elective Compulsory |  | Technomathematics: Specialisation I. Mathematics: Elective Compulsory,N/A
Sparse (BM25),Q26,medium,Which programs at TUHH share the Advanced Machine Learning module?,"Computational Methods and Machine Learning in Engineering, Computer Science, Data Science, Interdisciplinary Mathematics, Mechatronics, Technomathematics I and II, Theoretical Mechanical Engineering.",0,1,1,0.333,5.05,,Interdisciplinary considerations are essential to all subject areas. How can environmental pollution be reduced and valuable resources recovered at the | same time? How does one measure the sustainability of a product or service? Which innovative technologies assure minimum energy use in production | processes?  Which  environmental  law  constraints  favour  sustainable  development?  All  these  questions  are  relevant  in  the  Environmental  Engineering | program.,N/A
Sparse (BM25),Q27,hard,Which TUHH programs involve machine learning?,"Data Science, Computer Science, Computational Methods and Machine Learning in Engineering, Mechatronics, and Technomathematics all include machine learning modules.",0,1,1,0.5,4.65,,Interdisciplinary considerations are essential to all subject areas. How can environmental pollution be reduced and valuable resources recovered at the | same time? How does one measure the sustainability of a product or service? Which innovative technologies assure minimum energy use in production | processes?  Which  environmental  law  constraints  favour  sustainable  development?  All  these  questions  are  relevant  in  the  Environmental  Engineering | program.,N/A
Sparse (BM25),Q28,hard,What skills will I have after completing the Data Science master?,Professional knowledge: classify state-of-the-art neural networks. Practical skills: implement and apply neural networks to new domains. Social: collaborate in small teams. Autonomy: self-direct work and assess correctness independently.,1,1,1,1.0,4.76,,"Skills After completing this module, students will have skills in: |  | Developing framework and strategies for enabling a supportive environment for fostering creativity and innovation. |  | Assess and audit the technology capabilities of a business. |  | Analyse the problems related to creativity, innovation and technology management. |  | Personal Competence |  | Social Competence Teamwork and communication skills |  | Autonomy After completing this module, students will have skills:",N/A
Sparse (BM25),Q29,hard,I want to combine engineering with advanced mathematics. What do you recommend?,Technomathematics or Interdisciplinary Mathematics combine rigorous mathematics with engineering applications. Computational Methods and Machine Learning in Engineering is also very relevant.,0,0,0,0.0,5.07,,"eligible for a specific product or service. |  | What you will learn and get: |  | At the end of the project seminar, you will have learned to apply your theoretical knowledge in real-life business cases. You will |  | have gained insight into working in a real company and will have had the chance to make valuable contacts in the business world. |  | In the process, you will have gained skills regarding teamwork. |  | Literature |  |  | Module Manual M.Sc. ""Global Technology and Innovation Manag",N/A
Sparse (BM25),Q30,hard,Are there modules compulsory across multiple TUHH master programs?,Yes. Advanced Machine Learning (M1552) is compulsory in both Data Science (Core Qualification) and in Computational Methods and Machine Learning in Engineering.,0,1,1,0.5,5.49,,"Each specialization covers 42 CP in the compulsory modules, that are indispensable for the specialization, and 24 CP in the mandatory electives. They | contain also an open module and a project work with 6 CP in each case. The compulsory modules excepting the project work are located in the 1st and | 2nd term.",N/A
Dense (Vector),Q01,easy,What is the module Advanced Machine Learning about?,"Advanced Machine Learning (M1552) covers neural networks, backpropagation, CNNs, RNNs, GANs, Autoencoders and Transformers. It is worth 6 CP, examined by a 90-minute written exam, and taught in English in the winter semester.",1,1,1,1.0,6.1,,"Program: Masters Comp Sci | Module: M1552 - Advanced Machine Learning | ECTS: 3 |  | Module M1552: Advanced Machine Learning |  | Courses |  | Title |  | Advanced Machine Learning (L2322) |  | Advanced Machine Learning (L2323) |  | Module Responsible Dr. Jens-Peter Zemke |  | Admission Requirements None |  | Recommended Previous |  | Knowledge |  | 1.  Mathematics I-III |  | 2.  Numerical Mathematics 1/ Numerics |  | 3.  Programming skills, preferably in Python |  | Typ |  | Lecture |  | Recitat",N/A
Dense (Vector),Q02,easy,How many credit points is the Advanced Machine Learning module worth?,6 credit points (CP).,0,1,1,0.5,6.16,,"Program: Masters Data Sci | Module: Unknown - Unknown Module | ECTS: 6 |  | appropriate machine learning algorithm. |  | Autonomy The  module  places  a  particular  emphasis  on  enabling  students  to  achieve  the  competence  level  both  in  group  work  (homework |  | assignments) as well as individually (during the exercises). |  | Workload in Hours Independent Study Time 124, Study Time in Lecture 56 |  | Credit points 6 |  | Course achievement Compulsory Bonus | 20 % |  | No |  | Form |",N/A
Dense (Vector),Q03,easy,What are the recommended prerequisites for Advanced Machine Learning?,"Mathematics I-III, Numerical Mathematics / Numerics, and programming skills preferably in Python.",1,1,1,1.0,5.93,,"Program: Masters Comp Sci | Module: M1552 - Advanced Machine Learning | ECTS: 3 |  | Module M1552: Advanced Machine Learning |  | Courses |  | Title |  | Advanced Machine Learning (L2322) |  | Advanced Machine Learning (L2323) |  | Module Responsible Dr. Jens-Peter Zemke |  | Admission Requirements None |  | Recommended Previous |  | Knowledge |  | 1.  Mathematics I-III |  | 2.  Numerical Mathematics 1/ Numerics |  | 3.  Programming skills, preferably in Python |  | Typ |  | Lecture |  | Recitat",N/A
Dense (Vector),Q04,easy,Who is responsible for the Advanced Machine Learning module at TUHH?,Dr. Jens-Peter Zemke.,1,1,1,1.0,6.05,,Program: Masters Data Sci | Module: M2001 - Reinforcement Learning | ECTS: 3 |  | Module M2001: Reinforcement Learning |  | Courses |  | Title |  | Reinforcement Learning (L3305) |  | Reinforcement Learning (L3306) |  | Module Responsible Dr. Manfred Eppe |  | Admission Requirements None |  | Recommended Previous |  | Knowledge |  | Lectures at TUHH: |  | Machine Learning I and II |  | Advanced Machine Learning |  | Programming Paradigms |  | Additional recommended knowledge and prerequisites: |,N/A
Dense (Vector),Q05,easy,What type of examination does the Advanced Machine Learning module use?,"Written exam, 90 minutes.",1,1,1,1.0,6.12,,"Program: Masters Comp Sci | Module: M1552 - Advanced Machine Learning | ECTS: 3 |  | Module M1552: Advanced Machine Learning |  | Courses |  | Title |  | Advanced Machine Learning (L2322) |  | Advanced Machine Learning (L2323) |  | Module Responsible Dr. Jens-Peter Zemke |  | Admission Requirements None |  | Recommended Previous |  | Knowledge |  | 1.  Mathematics I-III |  | 2.  Numerical Mathematics 1/ Numerics |  | 3.  Programming skills, preferably in Python |  | Typ |  | Lecture |  | Recitat",N/A
Dense (Vector),Q06,medium,What topics are taught in the Advanced Machine Learning lecture?,Basics of neural nets; feedforward networks and backpropagation; CNNs; RNNs; adversarial attacks; residual networks; neural ODEs; autoencoders; GANs; attention and transformers.,1,1,1,1.0,6.18,,"Program: Masters Data Sci | Module: Unknown - Unknown Module | Course: L2322 | ECTS: 3 |  | Course L2322: Advanced Machine Learning |  | Typ Lecture |  | Hrs/wk 2 |  | CP 3 |  | Workload in Hours Independent Study Time 62, Study Time in Lecture 28 |  | Lecturer Dr. Jens-Peter Zemke |  | Language EN |  | Cycle WiSe |  | Content |  | 1.  Basics: analogy; layout of neural nets, universal approximation, NP-completeness |  | 2.  Feedforward Neural Networks: backpropagation, variants of Stochastistic ",N/A
Dense (Vector),Q07,easy,In which semester is the Advanced Machine Learning course offered?,Winter semester (WiSe).,0,0,0,0.0,6.19,,"Program: Masters Comp Sci | Module: M1552 - Advanced Machine Learning | ECTS: 3 |  | Module M1552: Advanced Machine Learning |  | Courses |  | Title |  | Advanced Machine Learning (L2322) |  | Advanced Machine Learning (L2323) |  | Module Responsible Dr. Jens-Peter Zemke |  | Admission Requirements None |  | Recommended Previous |  | Knowledge |  | 1.  Mathematics I-III |  | 2.  Numerical Mathematics 1/ Numerics |  | 3.  Programming skills, preferably in Python |  | Typ |  | Lecture |  | Recitat",N/A
Dense (Vector),Q08,medium,Is Advanced Machine Learning compulsory for Data Science students?,Yes — it is listed as Core Qualification: Compulsory in the Data Science curriculum.,0,0,0,0.0,5.59,,"Program: Masters Data Sci | Module: M1552 - Advanced Machine Learning | ECTS: 3 |  | Module M1552: Advanced Machine Learning |  | Courses |  | Title |  | Advanced Machine Learning (L2322) |  | Advanced Machine Learning (L2323) |  | Module Responsible Dr. Jens-Peter Zemke |  | Admission Requirements None |  | Recommended Previous |  | Knowledge |  | 1.  Mathematics I-III |  | 2.  Numerical Mathematics 1/ Numerics |  | 3.  Programming skills, preferably in Python |  | Typ |  | Lecture |  | Recitat",N/A
Dense (Vector),Q09,medium,Which TUHH programs include Advanced Machine Learning in their curriculum?,"Computational Methods and Machine Learning in Engineering, Computer Science, Data Science, Interdisciplinary Mathematics, Mechatronics, Technomathematics I and II, and Theoretical Mechanical Engineering.",0,1,1,0.5,5.98,,"Program: Masters Comp Sci | Module: M1552 - Advanced Machine Learning | ECTS: 3 |  | Module M1552: Advanced Machine Learning |  | Courses |  | Title |  | Advanced Machine Learning (L2322) |  | Advanced Machine Learning (L2323) |  | Module Responsible Dr. Jens-Peter Zemke |  | Admission Requirements None |  | Recommended Previous |  | Knowledge |  | 1.  Mathematics I-III |  | 2.  Numerical Mathematics 1/ Numerics |  | 3.  Programming skills, preferably in Python |  | Typ |  | Lecture |  | Recitat",N/A
Dense (Vector),Q10,medium,What is the workload for the Advanced Machine Learning module?,Total workload 124 hours: Independent Study Time 62 h + Study Time in Lecture 28 h for the course component.,0,0,0,0.0,5.43,,"Program: Masters Comp Sci | Module: M1552 - Advanced Machine Learning | ECTS: 3 |  | Module M1552: Advanced Machine Learning |  | Courses |  | Title |  | Advanced Machine Learning (L2322) |  | Advanced Machine Learning (L2323) |  | Module Responsible Dr. Jens-Peter Zemke |  | Admission Requirements None |  | Recommended Previous |  | Knowledge |  | 1.  Mathematics I-III |  | 2.  Numerical Mathematics 1/ Numerics |  | 3.  Programming skills, preferably in Python |  | Typ |  | Lecture |  | Recitat",N/A
Dense (Vector),Q11,medium,How many hours per week is the Advanced Machine Learning lecture?,2 hours/week lecture + 2 hours/week recitation (small group) = 4 hrs/wk total.,1,1,1,1.0,5.7,,"Program: Masters Data Sci | Module: Unknown - Unknown Module | Course: L2987 | ECTS: 3 |  | Course L2987: Machine Learning for Physical Systems |  | Typ Lecture |  | Hrs/wk 2 |  | CP 3 |  | Workload in Hours Independent Study Time 62, Study Time in Lecture 28 |  | Lecturer Prof. Roland Can Aydin |  | Language EN |  | Cycle WiSe |  | Content In this lecture, students will delve into the advanced integration of machine learning techniques with physical systems. The lecture |  | covers sophisticate",N/A
Dense (Vector),Q12,hard,What is the difference between Core Qualification and Elective modules in the Data Science program?,Core Qualification modules are compulsory for all program students. Elective modules are optional and allow specialisation in a sub-field.,1,1,1,1.0,5.04,,Program: Masters Data Sci | Module: Unknown - Unknown Module | ECTS: 0 |  | Data Science: Core Qualification: Compulsory |  | Computer Science in Engineering: Specialisation III. Mathematics: Elective Compulsory |  | Theoretical Mechanical Engineering: Specialisation Robotics and Computer Science: Elective Compulsory,N/A
Dense (Vector),Q13,hard,How many total credit points are needed to finish the Data Science master?,120 credit points — standard for a 4-semester German M.Sc.,1,1,1,1.0,5.42,,Program: Masters Data Sci | Module: Unknown - Unknown Module | ECTS: 6 |  | Credit points 6 |  | Course achievement None |  | Examination Written exam |  | Examination duration and |  | 90 min |  | scale |  | Assignment for the |  | Computer Science: Specialisation III. Mathematics: Elective Compulsory |  | Following Curricula |  | Data Science: Core Qualification: Compulsory,N/A
Dense (Vector),Q14,medium,I love mathematics and programming. What should I study at TUHH?,Data Science or Computer Science would suit you well — both require strong mathematical foundations and programming (Python).,0,0,0,0.0,5.22,,"Program: Masters Data Sci | Module: Unknown - Unknown Module | ECTS: 0 |  | In  addition,  the  core  qualiﬁcation  contains  a  seminar  (3  CP),  a  lecture  on  scientiﬁc  methods  (3  CP),  a  research  project  (12  CP)  as  well  as  the | interdisciplinary  compulsory  modules  on  operations  &  management  (6  CP)  and  on  non-technical  courses  (6  CP).  As  an  additional  module,  the  core | qualification also contains a technical complementary course, where students can choose an",N/A
Dense (Vector),Q15,easy,I am interested in deep learning and neural networks. Which module covers that?,"Advanced Machine Learning (M1552) directly covers deep learning: CNNs, RNNs, GANs, Autoencoders, and Transformers.",0,1,1,0.5,5.79,,"Program: Masters Comp Sci | Module: Unknown - Unknown Module | ECTS: 0 |  | Skills Thereby, the students will not only learn the structure of modern deep-learning networks for computer vision and natural language |  | processing, but also how to build and train their own networks based on the constraints of the target system (e.g., a low memory |  | footprint).  Moreover,  the  students will  learn  how  modern  domain-speciﬁc  architectures  for  deep-learning acceleration  are |  | architected",N/A
Dense (Vector),Q16,medium,I want to understand Generative Adversarial Networks. What module should I take?,Advanced Machine Learning (M1552) covers GANs and Autoencoders as part of its lecture content.,1,1,1,1.0,5.2,,Program: Masters Data Sci | Module: Unknown - Unknown Module | ECTS: 0 |  | Mutual information neural estimator |  | Hands-on session |  | Generative Adversarial Network Application - Channel Modelling |  | Recap realistic channels with non-linear hardware impairments |  | Training a digital twin of a realistic channel with insufficient training data |  | Hands-on session |  | Recurrent Neural Network Application - Channel prediction |  | Recap time-varying channel models |  | Recurrent neural n,N/A
Dense (Vector),Q17,hard,I want to work in AI research after my master. What should I focus on at TUHH?,"Focus on the Data Science core qualification modules especially Advanced Machine Learning, supplement with research-track electives, and invest heavily in your master thesis.",1,1,1,1.0,5.76,,Program: Masters Comp Sci | Module: M2001 - Reinforcement Learning | ECTS: 3 |  | Module M2001: Reinforcement Learning |  | Courses |  | Title |  | Reinforcement Learning (L3305) |  | Reinforcement Learning (L3306) |  | Module Responsible Dr. Manfred Eppe |  | Admission Requirements None |  | Recommended Previous |  | Knowledge |  | Lectures at TUHH: |  | Machine Learning I and II |  | Advanced Machine Learning |  | Programming Paradigms |  | Additional recommended knowledge and prerequisites: |,N/A
Dense (Vector),Q18,medium,I enjoy working in teams and group projects. Are there modules with teamwork?,Yes — Advanced Machine Learning explicitly develops social competence: joint solutions in small teams and group development of ideas.,0,0,0,0.0,5.37,,"Program: Masters Comp Sci | Module: Unknown - Unknown Module | ECTS: 0 |  | work on them collaboratively. |  | The  students  are  able  to  collaboratively  organize  their  work  processes  and  software  solutions  using  virtual  communication  and |  | software management tools. |  | The  students  can  critically  reﬂect  on  the  results  of  other  groups,  make  constructive  suggestions  for  improvement,  and  also |  | incorporate them into their own work.",N/A
Dense (Vector),Q19,hard,I come from a physics background. Can I apply for the Data Science program?,"Physics graduates typically have the required mathematical background (analysis, linear algebra, numerics) aligned with recommended prerequisites.",0,0,0,0.0,5.19,,"Program: Masters Data Sci | Module: Unknown - Unknown Module | ECTS: 0 |  | in computer science or mathematics with relevant majors in data science, machine learning, or artificial intelligence.",N/A
Dense (Vector),Q20,medium,Which modules involve Python programming at TUHH?,Advanced Machine Learning explicitly recommends Python. Most Data Science core modules also use Python for implementations.,0,0,0,0.0,4.69,,"Program: Masters Data Sci | Module: Unknown - Unknown Module | ECTS: 0 |  | structure to either process parameters or mechanical properties |  | Complementing  the  lectures,  the  associated  exercise  sessions  will  use  various  Python  libraries  such  as  Sklearn  and  Pytorch, |  | typically within Jupyter notebooks. These practical sessions are designed to reinforce the concepts discussed in the lectures, with a |  | reciprocal relationship between the theoretical and practical aspects o",N/A
Dense (Vector),Q21,easy,Is the Advanced Machine Learning course taught in English or German?,English (language code EN).,0,1,1,0.333,6.35,,"Program: Masters Comp Sci | Module: M1552 - Advanced Machine Learning | ECTS: 3 |  | Module M1552: Advanced Machine Learning |  | Courses |  | Title |  | Advanced Machine Learning (L2322) |  | Advanced Machine Learning (L2323) |  | Module Responsible Dr. Jens-Peter Zemke |  | Admission Requirements None |  | Recommended Previous |  | Knowledge |  | 1.  Mathematics I-III |  | 2.  Numerical Mathematics 1/ Numerics |  | 3.  Programming skills, preferably in Python |  | Typ |  | Lecture |  | Recitat",N/A
Dense (Vector),Q22,easy,How long is the Master of Science Data Science program at TUHH?,4 semesters (2 years).,0,1,1,0.5,5.98,,"Program: Masters Data Sci | Module: Unknown - Unknown Module | ECTS: 0 |  | In  addition,  the  core  qualiﬁcation  contains  a  seminar  (3  CP),  a  lecture  on  scientiﬁc  methods  (3  CP),  a  research  project  (12  CP)  as  well  as  the | interdisciplinary  compulsory  modules  on  operations  &  management  (6  CP)  and  on  non-technical  courses  (6  CP).  As  an  additional  module,  the  core | qualification also contains a technical complementary course, where students can choose an",N/A
Dense (Vector),Q23,medium,What are the admission requirements for the Data Science master at TUHH?,A relevant bachelor's degree with sufficient mathematical background. Individual module admission requirements are listed as 'None'.,1,1,1,1.0,5.57,,"Program: Masters Data Sci | Module: Unknown - Unknown Module | ECTS: 0 |  | Module M-002: Master Thesis |  | Courses |  | Title |  | Module Responsible Professoren der TUHH |  | Admission Requirements |  | According to General Regulations §21 (1): |  | Typ |  | Hrs/wk |  | CP |  | At least 60 credit points have to be achieved in study programme. The examinations board decides on exceptions. |  | Recommended Previous |  | Knowledge |  | Educational Objectives After taking part successfully, stude",N/A
Dense (Vector),Q24,easy,What literature is recommended for the Advanced Machine Learning module?,Script by the lecturer; online resources including neuralnetworksanddeeplearning.com and deeplearningbook.org.,1,1,1,1.0,5.73,,"Program: Masters Data Sci | Module: M1552 - Advanced Machine Learning | ECTS: 3 |  | Module M1552: Advanced Machine Learning |  | Courses |  | Title |  | Advanced Machine Learning (L2322) |  | Advanced Machine Learning (L2323) |  | Module Responsible Dr. Jens-Peter Zemke |  | Admission Requirements None |  | Recommended Previous |  | Knowledge |  | 1.  Mathematics I-III |  | 2.  Numerical Mathematics 1/ Numerics |  | 3.  Programming skills, preferably in Python |  | Typ |  | Lecture |  | Recitat",N/A
Dense (Vector),Q25,hard,What is the difference between Data Science and Computer Science programs at TUHH?,Both share modules like Advanced Machine Learning. Data Science focuses more on statistical methods and data pipelines; Computer Science covers a broader set of software and systems topics.,0,1,1,0.25,5.46,,"Program: Masters Data Sci | Module: Unknown - Unknown Module | ECTS: 0 |  | experts. A data scientist works in a research-oriented manner and is thus always up to date with the latest developments in this rapidly evolving ﬁeld. | Due  to  the  high  amount  of  computer  science  in  the  degree  program,  graduates  are  familiar  with  all  the  rules  of  software  design,  so  that  the  career | opportunities of classical computer scientists are also open to them. The degree program qualifi",N/A
Dense (Vector),Q26,medium,Which programs at TUHH share the Advanced Machine Learning module?,"Computational Methods and Machine Learning in Engineering, Computer Science, Data Science, Interdisciplinary Mathematics, Mechatronics, Technomathematics I and II, Theoretical Mechanical Engineering.",1,1,1,1.0,5.87,,"Program: Masters Comp Sci | Module: M1552 - Advanced Machine Learning | ECTS: 3 |  | Module M1552: Advanced Machine Learning |  | Courses |  | Title |  | Advanced Machine Learning (L2322) |  | Advanced Machine Learning (L2323) |  | Module Responsible Dr. Jens-Peter Zemke |  | Admission Requirements None |  | Recommended Previous |  | Knowledge |  | 1.  Mathematics I-III |  | 2.  Numerical Mathematics 1/ Numerics |  | 3.  Programming skills, preferably in Python |  | Typ |  | Lecture |  | Recitat",N/A
Dense (Vector),Q27,hard,Which TUHH programs involve machine learning?,"Data Science, Computer Science, Computational Methods and Machine Learning in Engineering, Mechatronics, and Technomathematics all include machine learning modules.",1,1,1,1.0,5.44,,Program: Masters Data Sci | Module: M2001 - Reinforcement Learning | ECTS: 3 |  | Module M2001: Reinforcement Learning |  | Courses |  | Title |  | Reinforcement Learning (L3305) |  | Reinforcement Learning (L3306) |  | Module Responsible Dr. Manfred Eppe |  | Admission Requirements None |  | Recommended Previous |  | Knowledge |  | Lectures at TUHH: |  | Machine Learning I and II |  | Advanced Machine Learning |  | Programming Paradigms |  | Additional recommended knowledge and prerequisites: |,N/A
Dense (Vector),Q28,hard,What skills will I have after completing the Data Science master?,Professional knowledge: classify state-of-the-art neural networks. Practical skills: implement and apply neural networks to new domains. Social: collaborate in small teams. Autonomy: self-direct work and assess correctness independently.,1,1,1,1.0,5.31,,"Program: Masters Data Sci | Module: Unknown - Unknown Module | ECTS: 0 |  | training effectively, and evaluate the accuracy of the models appropriately. |  | 5.  Graduates are able to design and implement complex software systems. | 6.  Graduates are able to use data science methods in various application areas, appropriately considering application-specific requirements. |  | Social skills |  | 1.  Graduates are able to communicate with experts and laymen about scientific contents and problems ",N/A
Dense (Vector),Q29,hard,I want to combine engineering with advanced mathematics. What do you recommend?,Technomathematics or Interdisciplinary Mathematics combine rigorous mathematics with engineering applications. Computational Methods and Machine Learning in Engineering is also very relevant.,0,0,0,0.0,5.64,,"Program: Masters Mechatronics | Module: Unknown - Unknown Module | ECTS: 0 |  | Admission Requirements None |  | Recommended Previous |  | Knowledge |  | Mathematik  I,  II,  III  for  Engineers  (German  or  English)  or  Analysis  &  Linear  Algebra  I  +  II  plus  Analysis  III  for |  | Technomathematiker. |  | Basic knowledge of MATLAB, Python or a similar programming language. |  | Educational Objectives After taking part successfully, students have reached the following learning results ",N/A
Dense (Vector),Q30,hard,Are there modules compulsory across multiple TUHH master programs?,Yes. Advanced Machine Learning (M1552) is compulsory in both Data Science (Core Qualification) and in Computational Methods and Machine Learning in Engineering.,1,1,1,1.0,5.74,,"Program: Masters Data Sci | Module: Unknown - Unknown Module | ECTS: 0 |  | In  addition,  the  core  qualiﬁcation  contains  a  seminar  (3  CP),  a  lecture  on  scientiﬁc  methods  (3  CP),  a  research  project  (12  CP)  as  well  as  the | interdisciplinary  compulsory  modules  on  operations  &  management  (6  CP)  and  on  non-technical  courses  (6  CP).  As  an  additional  module,  the  core | qualification also contains a technical complementary course, where students can choose an",N/A
Hybrid + Rerank,Q01,easy,What is the module Advanced Machine Learning about?,"Advanced Machine Learning (M1552) covers neural networks, backpropagation, CNNs, RNNs, GANs, Autoencoders and Transformers. It is worth 6 CP, examined by a 90-minute written exam, and taught in English in the winter semester.",1,1,1,1.0,6.4,,"Program: Masters Mechatronics | Module: M1552 - Advanced Machine Learning | ECTS: 3 |  | Module M1552: Advanced Machine Learning |  | Courses |  | Title |  | Advanced Machine Learning (L2322) |  | Advanced Machine Learning (L2323) |  | Module Responsible Dr. Jens-Peter Zemke |  | Admission Requirements None |  | Recommended Previous |  | Knowledge |  | 1.  Mathematics I-III |  | 2.  Numerical Mathematics 1/ Numerics |  | 3.  Programming skills, preferably in Python |  | Typ |  | Lecture |  | Rec",N/A
Hybrid + Rerank,Q02,easy,How many credit points is the Advanced Machine Learning module worth?,6 credit points (CP).,1,1,1,1.0,6.36,,"Program: Masters Comp Sci | Module: M1552 - Advanced Machine Learning | ECTS: 3 |  | Module M1552: Advanced Machine Learning |  | Courses |  | Title |  | Advanced Machine Learning (L2322) |  | Advanced Machine Learning (L2323) |  | Module Responsible Dr. Jens-Peter Zemke |  | Admission Requirements None |  | Recommended Previous |  | Knowledge |  | 1.  Mathematics I-III |  | 2.  Numerical Mathematics 1/ Numerics |  | 3.  Programming skills, preferably in Python |  | Typ |  | Lecture |  | Recitat",N/A
Hybrid + Rerank,Q03,easy,What are the recommended prerequisites for Advanced Machine Learning?,"Mathematics I-III, Numerical Mathematics / Numerics, and programming skills preferably in Python.",1,1,1,1.0,6.45,,"Program: Masters Mechatronics | Module: M1552 - Advanced Machine Learning | ECTS: 3 |  | Module M1552: Advanced Machine Learning |  | Courses |  | Title |  | Advanced Machine Learning (L2322) |  | Advanced Machine Learning (L2323) |  | Module Responsible Dr. Jens-Peter Zemke |  | Admission Requirements None |  | Recommended Previous |  | Knowledge |  | 1.  Mathematics I-III |  | 2.  Numerical Mathematics 1/ Numerics |  | 3.  Programming skills, preferably in Python |  | Typ |  | Lecture |  | Rec",N/A
Hybrid + Rerank,Q04,easy,Who is responsible for the Advanced Machine Learning module at TUHH?,Dr. Jens-Peter Zemke.,1,1,1,1.0,6.46,,Program: Masters ICS | Module: M2001 - Reinforcement Learning | ECTS: 3 |  | Module M2001: Reinforcement Learning |  | Courses |  | Title |  | Reinforcement Learning (L3305) |  | Reinforcement Learning (L3306) |  | Module Responsible Dr. Manfred Eppe |  | Admission Requirements None |  | Recommended Previous |  | Knowledge |  | Lectures at TUHH: |  | Machine Learning I and II |  | Advanced Machine Learning |  | Programming Paradigms |  | Additional recommended knowledge and prerequisites: |  | T,N/A
Hybrid + Rerank,Q05,easy,What type of examination does the Advanced Machine Learning module use?,"Written exam, 90 minutes.",1,1,1,1.0,6.82,,"Program: Masters Mechatronics | Module: M1552 - Advanced Machine Learning | ECTS: 3 |  | Module M1552: Advanced Machine Learning |  | Courses |  | Title |  | Advanced Machine Learning (L2322) |  | Advanced Machine Learning (L2323) |  | Module Responsible Dr. Jens-Peter Zemke |  | Admission Requirements None |  | Recommended Previous |  | Knowledge |  | 1.  Mathematics I-III |  | 2.  Numerical Mathematics 1/ Numerics |  | 3.  Programming skills, preferably in Python |  | Typ |  | Lecture |  | Rec",N/A
Hybrid + Rerank,Q06,medium,What topics are taught in the Advanced Machine Learning lecture?,Basics of neural nets; feedforward networks and backpropagation; CNNs; RNNs; adversarial attacks; residual networks; neural ODEs; autoencoders; GANs; attention and transformers.,1,1,1,1.0,6.85,,"Program: Masters Data Sci | Module: Unknown - Unknown Module | Course: L2322 | ECTS: 3 |  | Course L2322: Advanced Machine Learning |  | Typ Lecture |  | Hrs/wk 2 |  | CP 3 |  | Workload in Hours Independent Study Time 62, Study Time in Lecture 28 |  | Lecturer Dr. Jens-Peter Zemke |  | Language EN |  | Cycle WiSe |  | Content |  | 1.  Basics: analogy; layout of neural nets, universal approximation, NP-completeness |  | 2.  Feedforward Neural Networks: backpropagation, variants of Stochastistic ",N/A
Hybrid + Rerank,Q07,easy,In which semester is the Advanced Machine Learning course offered?,Winter semester (WiSe).,1,1,1,1.0,6.66,,"Program: Masters Data Sci | Module: Unknown - Unknown Module | Course: L2003 | ECTS: 2 |  | Course L2003: Basics of Machine Learning |  | Typ Lecture |  | Hrs/wk 1 |  | CP 2 |  | Workload in Hours Independent Study Time 46, Study Time in Lecture 14 |  | Lecturer Prof. Sibylle Schupp |  | Language EN |  | Cycle WiSe |  | Content |  | Students are able to understand speciﬁc procedures of machine learning and to use on real life examples. Students are able to use |  | appropriate procedures for giv",N/A
Hybrid + Rerank,Q08,medium,Is Advanced Machine Learning compulsory for Data Science students?,Yes — it is listed as Core Qualification: Compulsory in the Data Science curriculum.,0,0,0,0.0,5.92,,"Program: Masters Data Sci | Module: Unknown - Unknown Module | ECTS: 0 |  | Module Manual M.Sc. ""Data Science"" |  | Advanced Machine Learning | Linear Models and Regression | Big Data | Information Geometry | Advanced Ethics of Machine Learning",N/A
Hybrid + Rerank,Q09,medium,Which TUHH programs include Advanced Machine Learning in their curriculum?,"Computational Methods and Machine Learning in Engineering, Computer Science, Data Science, Interdisciplinary Mathematics, Mechatronics, Technomathematics I and II, and Theoretical Mechanical Engineering.",1,1,1,1.0,6.38,,Program: Masters Data Sci | Module: M2001 - Reinforcement Learning | ECTS: 3 |  | Module M2001: Reinforcement Learning |  | Courses |  | Title |  | Reinforcement Learning (L3305) |  | Reinforcement Learning (L3306) |  | Module Responsible Dr. Manfred Eppe |  | Admission Requirements None |  | Recommended Previous |  | Knowledge |  | Lectures at TUHH: |  | Machine Learning I and II |  | Advanced Machine Learning |  | Programming Paradigms |  | Additional recommended knowledge and prerequisites: |,N/A
Hybrid + Rerank,Q10,medium,What is the workload for the Advanced Machine Learning module?,Total workload 124 hours: Independent Study Time 62 h + Study Time in Lecture 28 h for the course component.,1,1,1,1.0,6.25,,"Program: Masters Comp Sci | Module: Unknown - Unknown Module | Course: L2323 | ECTS: 3 |  | Course L2323: Advanced Machine Learning |  | Typ Recitation Section (small) |  | Hrs/wk 2 |  | CP 3 |  | Workload in Hours Independent Study Time 62, Study Time in Lecture 28 |  | Lecturer Dr. Jens-Peter Zemke |  | Language EN |  | Cycle WiSe |  | Content See interlocking course |  | Literature See interlocking course |  |  | Module Manual M.Sc. ""Computer Science""",N/A
Hybrid + Rerank,Q11,medium,How many hours per week is the Advanced Machine Learning lecture?,2 hours/week lecture + 2 hours/week recitation (small group) = 4 hrs/wk total.,1,1,1,1.0,6.61,,"Program: Masters Data Sci | Module: Unknown - Unknown Module | Course: L2003 | ECTS: 2 |  | Course L2003: Basics of Machine Learning |  | Typ Lecture |  | Hrs/wk 1 |  | CP 2 |  | Workload in Hours Independent Study Time 46, Study Time in Lecture 14 |  | Lecturer Prof. Sibylle Schupp |  | Language EN |  | Cycle WiSe |  | Content |  | Students are able to understand speciﬁc procedures of machine learning and to use on real life examples. Students are able to use |  | appropriate procedures for giv",N/A
Hybrid + Rerank,Q12,hard,What is the difference between Core Qualification and Elective modules in the Data Science program?,Core Qualification modules are compulsory for all program students. Elective modules are optional and allow specialisation in a sub-field.,1,1,1,1.0,5.41,,Program: Masters Data Sci | Module: Unknown - Unknown Module | ECTS: 0 |  | Following Curricula |  | Data Science: Specialisation IV. Special Focus Area: Elective Compulsory |  | Data Science: Specialisation I. Data Science & Mathematics: Elective Compulsory |  | Mechatronics: Core Qualification: Elective Compulsory |  | Mechatronics: Technical Complementary Course: Elective Compulsory |  | Technomathematics: Specialisation I. Mathematics: Elective Compulsory |  | Technomathematics: Specialisati,N/A
Hybrid + Rerank,Q13,hard,How many total credit points are needed to finish the Data Science master?,120 credit points — standard for a 4-semester German M.Sc.,1,1,1,1.0,5.94,,"Program: Masters Data Sci | Module: Unknown - Unknown Module | ECTS: 6 |  | Professional Competence |  | Knowledge Familiarity with some ethical questions in the use of AI |  | Skills |  | Personal Competence |  | Social Competence -- |  | Autonomy -- |  | Workload in Hours Independent Study Time 124, Study Time in Lecture 56 |  | Credit points 6 |  | Course achievement None |  | Examination Subject theoretical and practical work |  | Examination duration and |  | x |  | scale |  | Assignment fo",N/A
Hybrid + Rerank,Q14,medium,I love mathematics and programming. What should I study at TUHH?,Data Science or Computer Science would suit you well — both require strong mathematical foundations and programming (Python).,0,0,0,0.0,5.83,,"Program: Masters Data Sci | Module: Unknown - Unknown Module | ECTS: 0 |  | In  addition,  the  core  qualiﬁcation  contains  a  seminar  (3  CP),  a  lecture  on  scientiﬁc  methods  (3  CP),  a  research  project  (12  CP)  as  well  as  the | interdisciplinary  compulsory  modules  on  operations  &  management  (6  CP)  and  on  non-technical  courses  (6  CP).  As  an  additional  module,  the  core | qualification also contains a technical complementary course, where students can choose an",N/A
Hybrid + Rerank,Q15,easy,I am interested in deep learning and neural networks. Which module covers that?,"Advanced Machine Learning (M1552) directly covers deep learning: CNNs, RNNs, GANs, Autoencoders, and Transformers.",1,1,1,1.0,6.26,,"Program: Masters Data Sci | Module: Unknown - Unknown Module | ECTS: 0 |  | skills to design, implement, and understand their own deep learning models. We will use Python and the deep learning framework |  | PyTorch (Geometric). |  | Topics Covered: |  | 1. Intro: Text and Graphs as Data |  | 2. Word Embeddings |  | 3. Fundamentals of Deep Learning |  | 4. Dependency Parsing |  | 5. Recurrent Neural Networks for Text |  | 6. Contextual Word Embeddings with Transformers |  | 7. Analyzing Graphs |",N/A
Hybrid + Rerank,Q16,medium,I want to understand Generative Adversarial Networks. What module should I take?,Advanced Machine Learning (M1552) covers GANs and Autoencoders as part of its lecture content.,1,1,1,1.0,5.81,,"Program: Masters Comp Sci | Module: Unknown - Unknown Module | ECTS: 0 |  | 4.  Adversarial Attacks |  | 5.  Recurrent Neural Networks: idea, dynamical systems, training, LSTM |  | 6.  Residual Neural Networks |  | 7.  Neural ODEs |  | 8.  Autoencoder and Generative Adversarial Networks |  | 9.  Attention and Transformers |  | Literature |  | 1.  Skript |  | 2.  Online-Werke: |  | http://neuralnetworksanddeeplearning.com/ |  | https://www.deeplearningbook.org/",N/A
Hybrid + Rerank,Q17,hard,I want to work in AI research after my master. What should I focus on at TUHH?,"Focus on the Data Science core qualification modules especially Advanced Machine Learning, supplement with research-track electives, and invest heavily in your master thesis.",1,1,1,1.0,6.04,,Program: Masters Data Sci | Module: M2001 - Reinforcement Learning | ECTS: 3 |  | Module M2001: Reinforcement Learning |  | Courses |  | Title |  | Reinforcement Learning (L3305) |  | Reinforcement Learning (L3306) |  | Module Responsible Dr. Manfred Eppe |  | Admission Requirements None |  | Recommended Previous |  | Knowledge |  | Lectures at TUHH: |  | Machine Learning I and II |  | Advanced Machine Learning |  | Programming Paradigms |  | Additional recommended knowledge and prerequisites: |,N/A
Hybrid + Rerank,Q18,medium,I enjoy working in teams and group projects. Are there modules with teamwork?,Yes — Advanced Machine Learning explicitly develops social competence: joint solutions in small teams and group development of ideas.,0,0,0,0.0,5.86,,"Program: Masters Comp Sci | Module: Unknown - Unknown Module | ECTS: 0 |  | Conduct security evaluations of software systems. |  | Write secure code. |  | Fix vulnerable code. |  | Personal Competence |  | Social Competence The project is done in groups and in close cooperation  within the teammates is required. Upon the completion of this modules, |  | students will be able to: |  | Interact and collaborate effectively in an agile team. |  | Coordinate development effort. |  | Resolve conflicts",N/A
Hybrid + Rerank,Q19,hard,I come from a physics background. Can I apply for the Data Science program?,"Physics graduates typically have the required mathematical background (analysis, linear algebra, numerics) aligned with recommended prerequisites.",0,0,0,0.0,5.34,,"Program: Masters Data Sci | Module: Unknown - Unknown Module | ECTS: 0 |  | Data Science: Core Qualification: Compulsory |  | Electrical  Engineering  and  Information  Technology:  Specialisation  Microwave  Engineering,  Optics,  and  Electromagnetic |  | Compatibility: Compulsory |  | Electrical Engineering and Information Technology: Specialisation Medical Technology: Compulsory |  | Electrical Engineering and Information Technology: Specialisation Information and Communication Systems: Comp",N/A
Hybrid + Rerank,Q20,medium,Which modules involve Python programming at TUHH?,Advanced Machine Learning explicitly recommends Python. Most Data Science core modules also use Python for implementations.,1,1,1,1.0,5.51,,Program: Masters Comp Sci | Module: M2001 - Reinforcement Learning | ECTS: 3 |  | Module M2001: Reinforcement Learning |  | Courses |  | Title |  | Reinforcement Learning (L3305) |  | Reinforcement Learning (L3306) |  | Module Responsible Dr. Manfred Eppe |  | Admission Requirements None |  | Recommended Previous |  | Knowledge |  | Lectures at TUHH: |  | Machine Learning I and II |  | Advanced Machine Learning |  | Programming Paradigms |  | Additional recommended knowledge and prerequisites: |,N/A
Hybrid + Rerank,Q21,easy,Is the Advanced Machine Learning course taught in English or German?,English (language code EN).,1,1,1,1.0,6.97,,"Program: Masters Data Sci | Module: Unknown - Unknown Module | Course: L2322 | ECTS: 3 |  | Course L2322: Advanced Machine Learning |  | Typ Lecture |  | Hrs/wk 2 |  | CP 3 |  | Workload in Hours Independent Study Time 62, Study Time in Lecture 28 |  | Lecturer Dr. Jens-Peter Zemke |  | Language EN |  | Cycle WiSe |  | Content |  | 1.  Basics: analogy; layout of neural nets, universal approximation, NP-completeness |  | 2.  Feedforward Neural Networks: backpropagation, variants of Stochastistic ",N/A
Hybrid + Rerank,Q22,easy,How long is the Master of Science Data Science program at TUHH?,4 semesters (2 years).,1,1,1,1.0,6.47,,Program: Masters Data Sci | Module: Unknown - Unknown Module | ECTS: 0 |  | The program is organized as a two-year program (four semesters) and begins each year in October. It consists of two and a half semesters of lectures | and  lab  courses  and  one  and  a  half  semesters  devoted  to  working  in  a  research  team  (project  work)  and  writing  the  master's  thesis.  The  curriculum | oﬀers a lot of freedom to set your own focus in the ﬁeld of data science. The academic degree of Mast,N/A
Hybrid + Rerank,Q23,medium,What are the admission requirements for the Data Science master at TUHH?,A relevant bachelor's degree with sufficient mathematical background. Individual module admission requirements are listed as 'None'.,1,1,1,1.0,5.82,,"Program: Masters Data Sci | Module: Unknown - Unknown Module | ECTS: 0 |  | Module M-002: Master Thesis |  | Courses |  | Title |  | Module Responsible Professoren der TUHH |  | Admission Requirements |  | According to General Regulations §21 (1): |  | Typ |  | Hrs/wk |  | CP |  | At least 60 credit points have to be achieved in study programme. The examinations board decides on exceptions. |  | Recommended Previous |  | Knowledge |  | Educational Objectives After taking part successfully, stude",N/A
Hybrid + Rerank,Q24,easy,What literature is recommended for the Advanced Machine Learning module?,Script by the lecturer; online resources including neuralnetworksanddeeplearning.com and deeplearningbook.org.,1,1,1,1.0,6.18,,"Program: Masters Mechatronics | Module: M1552 - Advanced Machine Learning | ECTS: 3 |  | Module M1552: Advanced Machine Learning |  | Courses |  | Title |  | Advanced Machine Learning (L2322) |  | Advanced Machine Learning (L2323) |  | Module Responsible Dr. Jens-Peter Zemke |  | Admission Requirements None |  | Recommended Previous |  | Knowledge |  | 1.  Mathematics I-III |  | 2.  Numerical Mathematics 1/ Numerics |  | 3.  Programming skills, preferably in Python |  | Typ |  | Lecture |  | Rec",N/A
Hybrid + Rerank,Q25,hard,What is the difference between Data Science and Computer Science programs at TUHH?,Both share modules like Advanced Machine Learning. Data Science focuses more on statistical methods and data pipelines; Computer Science covers a broader set of software and systems topics.,1,1,1,1.0,4.84,,"Program: Masters Data Sci | Module: Unknown - Unknown Module | ECTS: 0 |  | Following Curricula |  | Data Science: Specialisation II. Computer Science: Elective Compulsory |  | Information and Communication Systems: Specialisation Communication Systems, Focus Software: Elective Compulsory |  | Information  and  Communication  Systems:  Specialisation  Secure  and  Dependable  IT  Systems,  Focus  Software  and  Signal |  | Processing: Elective Compulsory",N/A
Hybrid + Rerank,Q26,medium,Which programs at TUHH share the Advanced Machine Learning module?,"Computational Methods and Machine Learning in Engineering, Computer Science, Data Science, Interdisciplinary Mathematics, Mechatronics, Technomathematics I and II, Theoretical Mechanical Engineering.",1,1,1,1.0,6.66,,Program: Masters ICS | Module: M2001 - Reinforcement Learning | ECTS: 3 |  | Module M2001: Reinforcement Learning |  | Courses |  | Title |  | Reinforcement Learning (L3305) |  | Reinforcement Learning (L3306) |  | Module Responsible Dr. Manfred Eppe |  | Admission Requirements None |  | Recommended Previous |  | Knowledge |  | Lectures at TUHH: |  | Machine Learning I and II |  | Advanced Machine Learning |  | Programming Paradigms |  | Additional recommended knowledge and prerequisites: |  | T,N/A
Hybrid + Rerank,Q27,hard,Which TUHH programs involve machine learning?,"Data Science, Computer Science, Computational Methods and Machine Learning in Engineering, Mechatronics, and Technomathematics all include machine learning modules.",1,1,1,1.0,6.2,,Program: Masters Data Sci | Module: M2001 - Reinforcement Learning | ECTS: 3 |  | Module M2001: Reinforcement Learning |  | Courses |  | Title |  | Reinforcement Learning (L3305) |  | Reinforcement Learning (L3306) |  | Module Responsible Dr. Manfred Eppe |  | Admission Requirements None |  | Recommended Previous |  | Knowledge |  | Lectures at TUHH: |  | Machine Learning I and II |  | Advanced Machine Learning |  | Programming Paradigms |  | Additional recommended knowledge and prerequisites: |,N/A
Hybrid + Rerank,Q28,hard,What skills will I have after completing the Data Science master?,Professional knowledge: classify state-of-the-art neural networks. Practical skills: implement and apply neural networks to new domains. Social: collaborate in small teams. Autonomy: self-direct work and assess correctness independently.,1,1,1,1.0,5.49,,"Program: Masters Data Sci | Module: Unknown - Unknown Module | ECTS: 0 |  | Educational Objectives After taking part successfully, students have reached the following learning results |  | and then the Master seminar. |  | Professional Competence |  | Knowledge |  | Systematic literature reviews |  | Experimental software engineering |  | Design science |  | Good scientific practice |  | Scientific writing |  | Presenting scientific results using LaTeX |  | Visualization of scientific results | ",N/A
Hybrid + Rerank,Q29,hard,I want to combine engineering with advanced mathematics. What do you recommend?,Technomathematics or Interdisciplinary Mathematics combine rigorous mathematics with engineering applications. Computational Methods and Machine Learning in Engineering is also very relevant.,0,0,0,0.0,6.0,,Program: Masters Data Sci | Module: Unknown - Unknown Module | ECTS: 0 |  | Electrical Engineering: Specialisation Control and Power Systems Engineering: Elective Compulsory |  | Energy Systems: Core Qualification: Elective Compulsory |  | Aircraft Systems Engineering: Core Qualification: Elective Compulsory |  | Interdisciplinary Mathematics: Specialisation II. Numerical - Modelling Training: Compulsory |  | Mechatronics: Core Qualification: Elective Compulsory |  | Technomathematics: Specialis,N/A
Hybrid + Rerank,Q30,hard,Are there modules compulsory across multiple TUHH master programs?,Yes. Advanced Machine Learning (M1552) is compulsory in both Data Science (Core Qualification) and in Computational Methods and Machine Learning in Engineering.,1,1,1,1.0,6.03,,"Program: Masters Data Sci | Module: Unknown - Unknown Module | ECTS: 0 |  | In  addition,  the  core  qualiﬁcation  contains  a  seminar  (3  CP),  a  lecture  on  scientiﬁc  methods  (3  CP),  a  research  project  (12  CP)  as  well  as  the | interdisciplinary  compulsory  modules  on  operations  &  management  (6  CP)  and  on  non-technical  courses  (6  CP).  As  an  additional  module,  the  core | qualification also contains a technical complementary course, where students can choose an",N/A
HyDE,Q01,easy,What is the module Advanced Machine Learning about?,"Advanced Machine Learning (M1552) covers neural networks, backpropagation, CNNs, RNNs, GANs, Autoencoders and Transformers. It is worth 6 CP, examined by a 90-minute written exam, and taught in English in the winter semester.",0,0,0,0.0,30.75,,"Program: Masters Data Sci | Module: Unknown - Unknown Module | ECTS: 0 |  | covers sophisticated topics, demonstrating how cutting-edge machine learning methodologies can be applied not only in general |  | domains but are specifically tailored for complex physical systems. Core areas of study include: |  | -  Advanced  Data  Management:  How  can  domain  knowledge  relating  to  physical  problems  be  integrated  into  the  pre-  and |  | postprocessing of data? |  | - Transformer Architectur","This module provides an in-depth exploration of advanced machine learning concepts and techniques at the university level. Students gain practical experience implementing complex algorithms while strengthening their understanding of mathematical foundations, optimization methods, and probabilistic modeling. The focus is on applying these skills to solve real-world problems across domains such as computer vision, natural language processing, and data-driven decision-making."
HyDE,Q02,easy,How many credit points is the Advanced Machine Learning module worth?,6 credit points (CP).,1,1,1,1.0,29.04,,"Program: Masters Comp Sci | Module: M1552 - Advanced Machine Learning | ECTS: 3 |  | Module M1552: Advanced Machine Learning |  | Courses |  | Title |  | Advanced Machine Learning (L2322) |  | Advanced Machine Learning (L2323) |  | Module Responsible Dr. Jens-Peter Zemke |  | Admission Requirements None |  | Recommended Previous |  | Knowledge |  | 1.  Mathematics I-III |  | 2.  Numerical Mathematics 1/ Numerics |  | 3.  Programming skills, preferably in Python |  | Typ |  | Lecture |  | Recitat",The Advanced Machine Learning module (module code: ML-ADV) is worth 6 credit points. This credit allocation follows the standard ECTS system implemented in the TUHH module handbook. The module is designed for advanced students in computer science and related disciplines.
HyDE,Q03,easy,What are the recommended prerequisites for Advanced Machine Learning?,"Mathematics I-III, Numerical Mathematics / Numerics, and programming skills preferably in Python.",1,1,1,1.0,27.66,,"Program: Masters Comp Sci | Module: M1552 - Advanced Machine Learning | ECTS: 3 |  | Module M1552: Advanced Machine Learning |  | Courses |  | Title |  | Advanced Machine Learning (L2322) |  | Advanced Machine Learning (L2323) |  | Module Responsible Dr. Jens-Peter Zemke |  | Admission Requirements None |  | Recommended Previous |  | Knowledge |  | 1.  Mathematics I-III |  | 2.  Numerical Mathematics 1/ Numerics |  | 3.  Programming skills, preferably in Python |  | Typ |  | Lecture |  | Recitat","The recommended prerequisites for the Advanced Machine Learning module at TUHH include proficiency in programming fundamentals, typically using Python. Students should also possess a solid foundation in linear algebra, calculus, and probability theory. Additionally, prior exposure to core machine learning concepts and algorithms is essential, such as those covered in introductory courses like Machine Learning I."
HyDE,Q04,easy,Who is responsible for the Advanced Machine Learning module at TUHH?,Dr. Jens-Peter Zemke.,1,1,1,1.0,30.58,,"Program: Masters Comp Sci | Module: M1552 - Advanced Machine Learning | ECTS: 3 |  | Module M1552: Advanced Machine Learning |  | Courses |  | Title |  | Advanced Machine Learning (L2322) |  | Advanced Machine Learning (L2323) |  | Module Responsible Dr. Jens-Peter Zemke |  | Admission Requirements None |  | Recommended Previous |  | Knowledge |  | 1.  Mathematics I-III |  | 2.  Numerical Mathematics 1/ Numerics |  | 3.  Programming skills, preferably in Python |  | Typ |  | Lecture |  | Recitat","The Advanced Machine Learning module (module code: 100000000) at TUHH is taught by Prof. Dr. Thomas Hofmann. As the lead lecturer, Prof. Hofmann is responsible for the academic content, assessment, and coordination of the module. This module is part of the Computer Science study programme at the Faculty of Mathematics and Natural Sciences."
HyDE,Q05,easy,What type of examination does the Advanced Machine Learning module use?,"Written exam, 90 minutes.",0,1,1,0.5,27.9,,"Program: Masters Data Sci | Module: Unknown - Unknown Module | ECTS: 0 |  | individual background of the students will be taken into consideration in the oral exam. |  | Educational Objectives After taking part successfully, students have reached the following learning results |  | Professional Competence |  | Knowledge The students know basic machine learning concepts and learning strategies. They are aware of speciﬁc opportunities, challenges |  | and  approaches  of  machine  learning  in  va",The Advanced Machine Learning module at TUHH is assessed through a written examination. This examination comprises both a written test and a project report. This combination evaluates both theoretical understanding and practical application of machine learning concepts.
HyDE,Q06,medium,What topics are taught in the Advanced Machine Learning lecture?,Basics of neural nets; feedforward networks and backpropagation; CNNs; RNNs; adversarial attacks; residual networks; neural ODEs; autoencoders; GANs; attention and transformers.,1,1,1,1.0,27.96,,"Program: Masters Data Sci | Module: Unknown - Unknown Module | ECTS: 0 |  | covers sophisticated topics, demonstrating how cutting-edge machine learning methodologies can be applied not only in general |  | domains but are specifically tailored for complex physical systems. Core areas of study include: |  | -  Advanced  Data  Management:  How  can  domain  knowledge  relating  to  physical  problems  be  integrated  into  the  pre-  and |  | postprocessing of data? |  | - Transformer Architectur","The Advanced Machine Learning lecture at TUHH covers core theoretical and practical aspects of modern machine learning techniques. Key topics include deep learning architectures, reinforcement learning frameworks, probabilistic modeling, and advanced optimization methods. Students gain hands-on experience applying these concepts to solve complex real-world data science problems."
HyDE,Q07,easy,In which semester is the Advanced Machine Learning course offered?,Winter semester (WiSe).,0,1,1,0.5,24.44,,"Program: Masters Comp Sci | Module: M1552 - Advanced Machine Learning | ECTS: 3 |  | Module M1552: Advanced Machine Learning |  | Courses |  | Title |  | Advanced Machine Learning (L2322) |  | Advanced Machine Learning (L2323) |  | Module Responsible Dr. Jens-Peter Zemke |  | Admission Requirements None |  | Recommended Previous |  | Knowledge |  | 1.  Mathematics I-III |  | 2.  Numerical Mathematics 1/ Numerics |  | 3.  Programming skills, preferably in Python |  | Typ |  | Lecture |  | Recitat",The Advanced Machine Learning course is offered in the summer semester. This module is designed for master's students and typically runs in the second semester of the academic year. It serves as a specialized elective within the computer science curriculum at TUHH.
HyDE,Q08,medium,Is Advanced Machine Learning compulsory for Data Science students?,Yes — it is listed as Core Qualification: Compulsory in the Data Science curriculum.,0,0,0,0.0,24.25,,"Program: Masters Data Sci | Module: Unknown - Unknown Module | ECTS: 0 |  | In  addition,  the  core  qualiﬁcation  contains  a  seminar  (3  CP),  a  lecture  on  scientiﬁc  methods  (3  CP),  a  research  project  (12  CP)  as  well  as  the | interdisciplinary  compulsory  modules  on  operations  &  management  (6  CP)  and  on  non-technical  courses  (6  CP).  As  an  additional  module,  the  core | qualification also contains a technical complementary course, where students can choose an",Advanced Machine Learning is a compulsory core module for all Data Science students in the TUHH Bachelor of Science program. It is formally required as part of the degree curriculum and carries 6 ECTS credits. This module is essential for achieving the program's academic requirements and is not optional.
HyDE,Q09,medium,Which TUHH programs include Advanced Machine Learning in their curriculum?,"Computational Methods and Machine Learning in Engineering, Computer Science, Data Science, Interdisciplinary Mathematics, Mechatronics, Technomathematics I and II, and Theoretical Mechanical Engineering.",0,0,0,0.0,24.49,,"Program: Masters Comp Sci | Module: M1552 - Advanced Machine Learning | ECTS: 3 |  | Module M1552: Advanced Machine Learning |  | Courses |  | Title |  | Advanced Machine Learning (L2322) |  | Advanced Machine Learning (L2323) |  | Module Responsible Dr. Jens-Peter Zemke |  | Admission Requirements None |  | Recommended Previous |  | Knowledge |  | 1.  Mathematics I-III |  | 2.  Numerical Mathematics 1/ Numerics |  | 3.  Programming skills, preferably in Python |  | Typ |  | Lecture |  | Recitat",The Technical University of Hanover (TUHH) offers an Advanced Machine Learning module within its Master of Science in Data Science and AI program. This module is also included in the Master of Science in Computer Science curriculum. Both programs integrate this specialized course as part of their advanced curriculum for students pursuing research or industry applications in machine learning.
HyDE,Q10,medium,What is the workload for the Advanced Machine Learning module?,Total workload 124 hours: Independent Study Time 62 h + Study Time in Lecture 28 h for the course component.,0,0,0,0.0,23.87,,"Program: Masters Data Sci | Module: Unknown - Unknown Module | ECTS: 6 |  | appropriate machine learning algorithm. |  | Autonomy The  module  places  a  particular  emphasis  on  enabling  students  to  achieve  the  competence  level  both  in  group  work  (homework |  | assignments) as well as individually (during the exercises). |  | Workload in Hours Independent Study Time 124, Study Time in Lecture 56 |  | Credit points 6 |  | Course achievement Compulsory Bonus | 20 % |  | No |  | Form |","The Advanced Machine Learning module (6 credits) requires a total workload of approximately 120 hours per semester. This includes 30 hours of lecture time and 90 hours of self-study, assignments, and project work. The workload aligns with the standard TUHH credit-to-hours conversion (1 credit ≈ 25 hours)."
HyDE,Q11,medium,How many hours per week is the Advanced Machine Learning lecture?,2 hours/week lecture + 2 hours/week recitation (small group) = 4 hrs/wk total.,1,1,1,1.0,33.31,,"Program: Masters Data Sci | Module: Unknown - Unknown Module | Course: L3399 | ECTS: 3 |  | Course L3399: Advanced Ethics of Machine Learning |  | Typ Lecture |  | Hrs/wk 2 |  | CP 3 |  | Workload in Hours Independent Study Time 62, Study Time in Lecture 28 |  | Lecturer Prof. Maximilian Kiener |  | Language EN |  | Cycle WiSe |  | Content |  | Literature","The Advanced Machine Learning lecture at TUHH typically requires **2 hours of attendance per week**. This lecture component is part of the module's scheduled teaching activities. The exact weekly hours may vary slightly depending on the specific semester offering, but the standard is **2 hours**."
HyDE,Q12,hard,What is the difference between Core Qualification and Elective modules in the Data Science program?,Core Qualification modules are compulsory for all program students. Elective modules are optional and allow specialisation in a sub-field.,1,1,1,1.0,27.4,,"Program: Masters Data Sci | Module: Unknown - Unknown Module | ECTS: 0 |  | In  addition,  the  core  qualiﬁcation  contains  a  seminar  (3  CP),  a  lecture  on  scientiﬁc  methods  (3  CP),  a  research  project  (12  CP)  as  well  as  the | interdisciplinary  compulsory  modules  on  operations  &  management  (6  CP)  and  on  non-technical  courses  (6  CP).  As  an  additional  module,  the  core | qualification also contains a technical complementary course, where students can choose an","In the TUHH Data Science program, Core Qualification modules are mandatory courses that all students must complete to establish foundational knowledge in data science principles and technical skills. Elective modules, in contrast, are optional courses selected from a broader range of specialized topics, allowing students to tailor their studies to specific interests or career goals. This distinction ensures that Core Qualification modules provide essential, unifying expertise for the degree, while Electives enable deeper specialization and flexibility within the program structure."
HyDE,Q13,hard,How many total credit points are needed to finish the Data Science master?,120 credit points — standard for a 4-semester German M.Sc.,1,1,1,1.0,28.88,,"Program: Masters Data Sci | Module: Unknown - Unknown Module | ECTS: 0 |  | Module M-002: Master Thesis |  | Courses |  | Title |  | Module Responsible Professoren der TUHH |  | Admission Requirements |  | According to General Regulations §21 (1): |  | Typ |  | Hrs/wk |  | CP |  | At least 60 credit points have to be achieved in study programme. The examinations board decides on exceptions. |  | Recommended Previous |  | Knowledge |  | Educational Objectives After taking part successfully, stude","Students must complete a total of 120 credit points to graduate from the Data Science master's program at TUHH. This credit point requirement covers all mandatory and elective modules, as well as the final thesis. The 120 credit point standard is explicitly stated in the TUHH Data Science master's program handbook."
HyDE,Q14,medium,I love mathematics and programming. What should I study at TUHH?,Data Science or Computer Science would suit you well — both require strong mathematical foundations and programming (Python).,0,0,0,0.0,33.62,,Program: Masters Comp Sci | Module: Unknown - Unknown Module | ECTS: 0 |  | Following Curricula |  | Computer Science: Specialisation III. Mathematics: Elective Compulsory |  | Computer Science in Engineering: Specialisation III. Mathematics: Elective Compulsory |  | Interdisciplinary Mathematics: Specialisation Computational Methods in Biomedical Imaging: Compulsory |  | Mechatronics: Core Qualification: Elective Compulsory |  | Technomathematics: Specialisation I. Mathematics: Elective Compuls,"If you love mathematics and programming, the **Computer Science Bachelor's program** at TUHH is the ideal choice. This program provides a rigorous foundation in both theoretical mathematics and practical programming through its core curriculum, directly aligning with your interests. You can further specialize in mathematical aspects of computer science during your studies, ensuring a strong interdisciplinary focus."
HyDE,Q15,easy,I am interested in deep learning and neural networks. Which module covers that?,"Advanced Machine Learning (M1552) directly covers deep learning: CNNs, RNNs, GANs, Autoencoders, and Transformers.",0,1,1,0.333,30.11,,"Program: Masters Comp Sci | Module: Unknown - Unknown Module | ECTS: 0 |  | Skills Thereby, the students will not only learn the structure of modern deep-learning networks for computer vision and natural language |  | processing, but also how to build and train their own networks based on the constraints of the target system (e.g., a low memory |  | footprint).  Moreover,  the  students will  learn  how  modern  domain-speciﬁc  architectures  for  deep-learning acceleration  are |  | architected","The module ""Deep Learning"" (module code 1200000000) covers the theoretical foundations and practical implementation of neural networks and deep learning techniques. This undergraduate-level module focuses on key concepts such as convolutional neural networks, recurrent neural networks, and applications in areas like computer vision and natural language processing. It is part of the Computer Science curriculum at TUHH and provides a structured introduction to modern machine learning approaches."
HyDE,Q16,medium,I want to understand Generative Adversarial Networks. What module should I take?,Advanced Machine Learning (M1552) covers GANs and Autoencoders as part of its lecture content.,1,1,1,1.0,26.7,,Program: Masters Data Sci | Module: Unknown - Unknown Module | ECTS: 0 |  | Mutual information neural estimator |  | Hands-on session |  | Generative Adversarial Network Application - Channel Modelling |  | Recap realistic channels with non-linear hardware impairments |  | Training a digital twin of a realistic channel with insufficient training data |  | Hands-on session |  | Recurrent Neural Network Application - Channel prediction |  | Recap time-varying channel models |  | Recurrent neural n,"For a clear understanding of Generative Adversarial Networks (GANs), you should take the **Deep Learning** module (Module Code: 1200000000). This module explicitly covers GANs as a core application within deep learning frameworks, providing the theoretical foundation and practical implementation skills needed. Register for this module through the TUHH module handbook under the ""Computer Science"" faculty section to access the relevant lectures and exercises."
HyDE,Q17,hard,I want to work in AI research after my master. What should I focus on at TUHH?,"Focus on the Data Science core qualification modules especially Advanced Machine Learning, supplement with research-track electives, and invest heavily in your master thesis.",0,1,1,0.5,30.6,,"Program: Masters Comp Sci | Module: Unknown - Unknown Module | ECTS: 0 |  | Knowledge |  | we  expect  students  to  have  taken  a  course  on  machine  learning  and  especially  neural  networks  (including  knowledge  of |  | backpropagation and experience in TensorFlow, PyTorch or similar platforms). Moreover, C programming skills are expected, as we |  | will be using embedded IoT devices. |  | Educational Objectives After taking part successfully, students have reached the following learn","To pursue AI research after your master's at TUHH, focus on core modules in **Artificial Intelligence, Machine Learning, and Computer Vision** within the Computer Science curriculum. Actively engage with TUHH's dedicated **AI Research Group** for supervised projects and access to cutting-edge tools like TensorFlow and PyTorch through the university's research infrastructure. Prioritize hands-on experience via the **Master's Thesis** in AI or collaborative projects with industry partners to develop the practical skills essential for impactful research."
HyDE,Q18,medium,I enjoy working in teams and group projects. Are there modules with teamwork?,Yes — Advanced Machine Learning explicitly develops social competence: joint solutions in small teams and group development of ideas.,0,0,0,0.0,24.53,,"Program: Masters Mechatronics | Module: Unknown - Unknown Module | ECTS: 0 |  | work on them collaboratively. |  | The  students  are  able  to  collaboratively  organize  their  work  processes  and  software  solutions  using  virtual  communication  and |  | software management tools. |  | The  students  can  critically  reﬂect  on  the  results  of  other  groups,  make  constructive  suggestions  for  improvement,  and  also |  | incorporate them into their own work.","Here is a concise, factual 3-sentence passage suitable for the TUHH module handbook: |  | > TUHH offers numerous modules explicitly designed to foster teamwork and collaborative project work. Engineering, computer science, and applied sciences departments include group-based projects, laboratory exercises, and team-based research assignments as standard components of their curricula. Students interested in working in teams will find structured opportunities for practical collaboration across these modules."
HyDE,Q19,hard,I come from a physics background. Can I apply for the Data Science program?,"Physics graduates typically have the required mathematical background (analysis, linear algebra, numerics) aligned with recommended prerequisites.",0,0,0,0.0,28.8,,"Program: Masters Data Sci | Module: Unknown - Unknown Module | ECTS: 0 |  | In  addition,  the  core  qualiﬁcation  contains  a  seminar  (3  CP),  a  lecture  on  scientiﬁc  methods  (3  CP),  a  research  project  (12  CP)  as  well  as  the | interdisciplinary  compulsory  modules  on  operations  &  management  (6  CP)  and  on  non-technical  courses  (6  CP).  As  an  additional  module,  the  core | qualification also contains a technical complementary course, where students can choose an","Yes, students with a physics background are eligible to apply for the Data Science program at TUHH. Your physics training provides a strong foundation in mathematical modeling, statistical analysis, and problem-solving skills, which are directly relevant to the core requirements of the Data Science curriculum. For official admission details and program-specific requirements, please refer to the TUHH Data Science program section in the current module handbook."
HyDE,Q20,medium,Which modules involve Python programming at TUHH?,Advanced Machine Learning explicitly recommends Python. Most Data Science core modules also use Python for implementations.,0,0,0,0.0,23.09,,"Program: Masters Data Sci | Module: Unknown - Unknown Module | ECTS: 0 |  | structure to either process parameters or mechanical properties |  | Complementing  the  lectures,  the  associated  exercise  sessions  will  use  various  Python  libraries  such  as  Sklearn  and  Pytorch, |  | typically within Jupyter notebooks. These practical sessions are designed to reinforce the concepts discussed in the lectures, with a |  | reciprocal relationship between the theoretical and practical aspects o","The TUHH module handbook specifies that Python programming is explicitly covered in the core module ""Programmieren mit Python"" (Computer Science Bachelor). Additionally, Python is a primary tool for data analysis and processing in the module ""Data Science"" (Computer Science Bachelor). Python is also applied within several engineering modules, including ""Numerische Methoden"" (Engineering Bachelor), where it is used for computational tasks and simulations."
HyDE,Q21,easy,Is the Advanced Machine Learning course taught in English or German?,English (language code EN).,0,1,1,0.5,28.76,,"Program: Masters Comp Sci | Module: M1552 - Advanced Machine Learning | ECTS: 3 |  | Module M1552: Advanced Machine Learning |  | Courses |  | Title |  | Advanced Machine Learning (L2322) |  | Advanced Machine Learning (L2323) |  | Module Responsible Dr. Jens-Peter Zemke |  | Admission Requirements None |  | Recommended Previous |  | Knowledge |  | 1.  Mathematics I-III |  | 2.  Numerical Mathematics 1/ Numerics |  | 3.  Programming skills, preferably in Python |  | Typ |  | Lecture |  | Recitat","The Advanced Machine Learning course at TUHH is taught in English. This language of instruction applies to all lectures, seminars, and assessments for the module. The official course description in the TUHH module handbook explicitly states this English-language requirement."
HyDE,Q22,easy,How long is the Master of Science Data Science program at TUHH?,4 semesters (2 years).,1,1,1,1.0,24.32,,Program: Masters Data Sci | Module: Unknown - Unknown Module | ECTS: 0 |  | The program is organized as a two-year program (four semesters) and begins each year in October. It consists of two and a half semesters of lectures | and  lab  courses  and  one  and  a  half  semesters  devoted  to  working  in  a  research  team  (project  work)  and  writing  the  master's  thesis.  The  curriculum | oﬀers a lot of freedom to set your own focus in the ﬁeld of data science. The academic degree of Mast,The Master of Science in Data Science at TUHH is a full-time program that lasts two academic years. This duration is standard for the Master of Science degree structure as defined in the TUHH module handbook. The program culminates in the award of the Master of Science (M.Sc.) degree upon successful completion of all required modules and the final thesis.
HyDE,Q23,medium,What are the admission requirements for the Data Science master at TUHH?,A relevant bachelor's degree with sufficient mathematical background. Individual module admission requirements are listed as 'None'.,1,1,1,1.0,27.97,,"Program: Masters Data Sci | Module: Unknown - Unknown Module | ECTS: 0 |  | Module M-002: Master Thesis |  | Courses |  | Title |  | Module Responsible Professoren der TUHH |  | Admission Requirements |  | According to General Regulations §21 (1): |  | Typ |  | Hrs/wk |  | CP |  | At least 60 credit points have to be achieved in study programme. The examinations board decides on exceptions. |  | Recommended Previous |  | Knowledge |  | Educational Objectives After taking part successfully, stude","The Data Science master's program at TUHH requires applicants to hold a bachelor's degree in a relevant field such as computer science, mathematics, statistics, or engineering. Specific academic prerequisites include proficiency in programming, data analysis, and mathematical fundamentals, typically demonstrated through completed coursework. International students must provide proof of language proficiency in English (e.g., TOEFL, IELTS) or German, depending on the language of instruction for their application."
HyDE,Q24,easy,What literature is recommended for the Advanced Machine Learning module?,Script by the lecturer; online resources including neuralnetworksanddeeplearning.com and deeplearningbook.org.,0,0,0,0.0,25.86,,Program: Masters Data Sci | Module: Unknown - Unknown Module | ECTS: 0 |  | The Notions of Learning in Machine Learning |  | Unsupervised and supervised machine learning |  | Model-based and data-driven machine learning |  | Hybrid modelling |  | Online/offline/meta/transfer learning |  | General loss functions |  | Introduction to Deep Learning |  | Variants of neural networks |  | MLP |  | Conv. neural networks |  | Recurrent neural networks |  | Training neural networks |  | (Stochastic) Grad,"The Advanced Machine Learning module at TUHH recommends *Pattern Recognition and Machine Learning* by Christopher M. Bishop as the primary foundational textbook. Students are also advised to consult the recent survey paper ""Deep Learning"" by Ian Goodfellow, Yoshua Bengio, and Aaron Courville for comprehensive coverage of contemporary techniques. This literature combination provides essential theoretical grounding and practical context for the module's advanced topics."
HyDE,Q25,hard,What is the difference between Data Science and Computer Science programs at TUHH?,Both share modules like Advanced Machine Learning. Data Science focuses more on statistical methods and data pipelines; Computer Science covers a broader set of software and systems topics.,0,1,1,0.5,29.71,,"Program: Masters Data Sci | Module: Unknown - Unknown Module | ECTS: 0 |  | experts. A data scientist works in a research-oriented manner and is thus always up to date with the latest developments in this rapidly evolving ﬁeld. | Due  to  the  high  amount  of  computer  science  in  the  degree  program,  graduates  are  familiar  with  all  the  rules  of  software  design,  so  that  the  career | opportunities of classical computer scientists are also open to them. The degree program qualifi","Computer Science at TUHH provides a strong foundation in theoretical computer science, software engineering, and algorithmic problem-solving, emphasizing core principles of computation and system design. In contrast, the Data Science program focuses on practical data analysis, machine learning, statistical modeling, and real-world data-driven applications, integrating domain knowledge with computational techniques. This distinction results in Computer Science graduates being well-prepared for traditional software development and systems roles, while Data Science graduates specialize in extracting insights and building solutions from complex data."
HyDE,Q26,medium,Which programs at TUHH share the Advanced Machine Learning module?,"Computational Methods and Machine Learning in Engineering, Computer Science, Data Science, Interdisciplinary Mathematics, Mechatronics, Technomathematics I and II, Theoretical Mechanical Engineering.",1,1,1,1.0,45.99,,"Program: Masters Data Sci | Module: M1552 - Advanced Machine Learning | ECTS: 3 |  | Module M1552: Advanced Machine Learning |  | Courses |  | Title |  | Advanced Machine Learning (L2322) |  | Advanced Machine Learning (L2323) |  | Module Responsible Dr. Jens-Peter Zemke |  | Admission Requirements None |  | Recommended Previous |  | Knowledge |  | 1.  Mathematics I-III |  | 2.  Numerical Mathematics 1/ Numerics |  | 3.  Programming skills, preferably in Python |  | Typ |  | Lecture |  | Recitat","The Advanced Machine Learning module is included in the curriculum for students pursuing the Bachelor of Science in Computer Science, the Master of Science in Computer Science, and the Master of Science in Data Science at TUHH. This module provides advanced theoretical and practical training in machine learning methodologies. Students enrolled in these specific academic programs are required to complete this module as part of their degree requirements."
HyDE,Q27,hard,Which TUHH programs involve machine learning?,"Data Science, Computer Science, Computational Methods and Machine Learning in Engineering, Mechatronics, and Technomathematics all include machine learning modules.",0,0,0,0.0,31.77,,"Program: Masters Data Sci | Module: Unknown - Unknown Module | ECTS: 0 |  | students,  and  students  with  deeper  knowledge  in  electrical  engineering  but  less  knowledge  in  machine  learning  methods,  e.g. |  | electrical engineering students. Machine learning methods will be explained on a relatively high level indicating mainly principle |  | ideas. The focus is on specific applications in electrical engineering and information technology. |  | The chapters of the course will be unde","The Technical University of Hanover (TUHH) offers machine learning modules within its Bachelor of Science in Computer Science program. Additionally, the Bachelor of Engineering in Electrical Engineering includes specialized courses in machine learning applications. These programs integrate machine learning as part of their curriculum to provide students with relevant technical skills."
HyDE,Q28,hard,What skills will I have after completing the Data Science master?,Professional knowledge: classify state-of-the-art neural networks. Practical skills: implement and apply neural networks to new domains. Social: collaborate in small teams. Autonomy: self-direct work and assess correctness independently.,1,1,1,1.0,29.52,,"Program: Masters Data Sci | Module: Unknown - Unknown Module | ECTS: 0 |  | training effectively, and evaluate the accuracy of the models appropriately. |  | 5.  Graduates are able to design and implement complex software systems. | 6.  Graduates are able to use data science methods in various application areas, appropriately considering application-specific requirements. |  | Social skills |  | 1.  Graduates are able to communicate with experts and laymen about scientific contents and problems ","After completing the Data Science master's program at TUHH, you will have developed strong technical proficiency in Python, SQL, and data manipulation tools such as Pandas and NumPy. You will also possess advanced skills in statistical modeling, machine learning algorithms, and the ability to interpret complex data to derive actionable insights. Finally, you will be equipped with the practical expertise to solve real-world data-driven problems using a structured analytical approach."
HyDE,Q29,hard,I want to combine engineering with advanced mathematics. What do you recommend?,Technomathematics or Interdisciplinary Mathematics combine rigorous mathematics with engineering applications. Computational Methods and Machine Learning in Engineering is also very relevant.,0,0,0,0.0,33.07,,"Program: Masters Mechatronics | Module: Unknown - Unknown Module | ECTS: 0 |  | the numerical results. |  | Skills Students are able to |  | implement, apply and compare numerical methods for the solution of ordinary differential equations, |  | explain  the  convergence  behaviour  of  numerical  methods,  taking  into  consideration  the  solved  problem  and  selected |  | algorithm, |  | develop  a  suitable  solution  approach  for  a  given  problem,  if  necessary  by  combining  multiple","The Technical University of Hanover (TUHH) offers a dedicated dual degree program combining engineering studies with advanced mathematics, providing a structured pathway for students seeking this integration. Within engineering disciplines such as mechanical, electrical, or computer engineering, specialized modules in applied mathematics, computational methods, and optimization are available to deepen technical proficiency alongside mathematical theory. This approach ensures students develop the analytical and problem-solving skills essential for complex engineering challenges while maintaining a rigorous mathematical foundation."
HyDE,Q30,hard,Are there modules compulsory across multiple TUHH master programs?,Yes. Advanced Machine Learning (M1552) is compulsory in both Data Science (Core Qualification) and in Computational Methods and Machine Learning in Engineering.,1,1,1,1.0,27.75,,Program: Masters MSEMS | Module: Unknown - Unknown Module | ECTS: 0 |  | level  at  the  Bachelor’s  or  Master’s  level.  The  teaching  oﬀerings  are  pooled  in  two  diﬀerent  catalogues  for  nontechnical |  | complementary courses. |  | The Learning Architecture |  | consists of a cross-disciplinarily study oﬀering. The centrally designed teaching oﬀering ensures that courses in the nontechnical |  | academic programms follow the specific profiling of TUHH degree courses.,"Yes, certain modules are compulsory across multiple TUHH master programs. Specifically, the ""Master's Core"" modules (e.g., *Advanced Research Methods*, *Professional Ethics in Technology*, and *Interdisciplinary Problem Solving*) are required for all students enrolled in the Master of Science in Engineering, Master of Business Administration, and Master of Social Sciences programs. These cross-programme compulsory modules ensure foundational competencies and interdisciplinary alignment for graduates across these disciplines."
